{
  "model_name": "PersonDetectionDNN",
  "input_size": 81,
  "hidden_sizes": [
    256,
    128,
    64
  ],
  "output_size": 2,
  "scaler_mean": [
    7.463891084551811,
    7.372039477825165,
    7.381243768215179,
    7.278898793458938,
    29.496073180437087,
    7.374018295109272,
    7.379341159462928,
    1.3884641412552445,
    6.0867466333195335,
    8.902428571343423,
    5.834962232172489,
    3.0674663417339323,
    0.15349997425463516,
    2.4887559810876847,
    14.835930551052094,
    14.66014253115654,
    14.84513485646248,
    14.650938280582428,
    14.742789871692658,
    14.753283274054528,
    1.041902166083455,
    1.0498421008586885,
    1.007011293321848,
    0.0800327710469437,
    0.07674454549399144,
    0.9336485506892205,
    5.314876838648253,
    5.4135187681765835,
    5.186937206784826,
    4.821989836536524,
    20.73732265014585,
    6.931496778241633,
    5.184330662536462,
    6.132668184456632,
    29.54477141714096,
    5.065798999898136,
    38.693172126293184,
    22.13073937559128,
    0.1457430293560028,
    0.3422332385592163,
    0.044039997160434725,
    0.05577193257212639,
    0.032792619407176975,
    0.01313843110203743,
    1.3671613875031472,
    0.29486011020839215,
    0.4140216538083841,
    6.1323017283082,
    8.621057708442212,
    -0.0011554269079709057,
    -1.4023708223104476,
    0.08026337748358159,
    0.49767854568362235,
    0.4987538706511259,
    0.06901138662946321,
    7.1630830976367,
    7.182972195982933,
    1.1588523883223534,
    91.05809705346823,
    87.07070198547841,
    90.76331661766767,
    88.43650881367923,
    346.1888608160019,
    345.1178358154297,
    1430.6430825634002,
    4.994217655181885,
    406.25904887230905,
    19932.90560235095,
    3.0195,
    25.003546215230074,
    12.91,
    20.201,
    3.0,
    2.1105,
    0.5035,
    0.211,
    0.4825,
    1.179440208852291,
    0.2949607323892415,
    0.8465000254809857,
    44.24410976934433
  ],
  "scaler_std": [
    6.550905473436396,
    6.481105342693388,
    6.343512379148986,
    6.271104683514438,
    23.677515674155725,
    5.919378918538931,
    5.929405402194816,
    2.0393415395974923,
    13.979014189017505,
    7.600615269621859,
    4.598474131135636,
    4.2435360192187765,
    0.11830802115311272,
    4.037818123048627,
    12.529448647449964,
    12.093537678725932,
    12.429623725536928,
    12.283478305463806,
    11.849850390513721,
    11.855701341027476,
    0.29999113976211333,
    0.314321736536872,
    0.1200024084902153,
    0.10690050435065253,
    0.10213515905620417,
    0.0619348834085012,
    6.550905473436402,
    6.481105342693385,
    6.343512379148987,
    6.271104683514437,
    23.67751563515887,
    7.44839133260979,
    5.919378908789717,
    14.038897115816235,
    22.603581805588036,
    4.899035601164894,
    28.686988281727118,
    18.181504534043956,
    10.202988306730258,
    0.2576703109787497,
    3.1432294142682986,
    3.1890717032668547,
    3.1209225326996664,
    3.1176603063188795,
    0.02364525611669573,
    0.031963776705709906,
    0.7495482692213762,
    4.710108739166313,
    7.493655968943423,
    0.5042173378737765,
    0.44646128354169806,
    0.06093790880945833,
    0.06672968945390058,
    0.06386529763372407,
    0.06144915147332278,
    5.67561861129728,
    5.69458005751514,
    0.17251634965030813,
    144.51710960275798,
    130.68726648746082,
    138.99531049704086,
    140.12664413763795,
    477.3939609287937,
    475.8830307143652,
    1983.9322722509282,
    2.1339782596729155,
    1130.4992215111731,
    46385.03426800588,
    1.414962808698513,
    2.8597712942599274,
    0.28618176042508753,
    15.39605790454176,
    1.0,
    1.9319134944401535,
    1.055929803538101,
    0.4080183819388506,
    0.49969365615344735,
    0.12785510907029124,
    0.23677515732499443,
    0.11830802096605524,
    35.51627347295602
  ],
  "classes": [
    "empty",
    "occupied"
  ],
  "created_at": "2025-11-20T12:54:20.904276"
}